file,pan_deg,tilt_deg,cx,cy,w,h,conf,cls,W,H
img_t-25_p-019_20250929_190214_425_ud.jpg,-19.0,-25.0,308.87518310546875,277.728271484375,80.890380859375,61.99560546875,0.7724485397338867,0,2592,1944
img_t-25_p-019_20250929_190214_425_ud.jpg,-19.0,-25.0,290.77838134765625,277.2996520996094,87.87054443359375,65.84619140625,0.686747670173645,0,2592,1944
img_t-25_p-019_20250929_190214_425_ud.jpg,-19.0,-25.0,308.87518310546875,277.728271484375,80.890380859375,61.99560546875,0.7724485397338867,0,2592,1944
img_t-25_p-019_20250929_190214_425_ud.jpg,-19.0,-25.0,290.77838134765625,277.2996520996094,87.87054443359375,65.84619140625,0.686747670173645,0,2592,1944
img_t-25_p-017_20250929_190215_326_ud.jpg,-17.0,-25.0,2251.2236328125,308.0665283203125,84.5859375,63.58331298828125,0.7947180271148682,0,2592,1944
img_t-25_p-017_20250929_190215_326_ud.jpg,-17.0,-25.0,2265.457763671875,305.803466796875,80.0439453125,64.4041748046875,0.29388391971588135,0,2592,1944
img_t-25_p-017_20250929_190215_326_ud.jpg,-17.0,-25.0,2251.2236328125,308.0665283203125,84.5859375,63.58331298828125,0.7947180271148682,0,2592,1944
img_t-25_p-017_20250929_190215_326_ud.jpg,-17.0,-25.0,2265.457763671875,305.803466796875,80.0439453125,64.4041748046875,0.29388391971588135,0,2592,1944
img_t-25_p-015_20250929_190216_224_ud.jpg,-15.0,-25.0,2014.305419921875,159.32647705078125,7.52197265625,10.11627197265625,0.21023570001125336,0,2592,1944
img_t-25_p-015_20250929_190216_224_ud.jpg,-15.0,-25.0,2014.305419921875,159.32647705078125,7.52197265625,10.11627197265625,0.21023570001125336,0,2592,1944
img_t-25_p-013_20250929_190217_119_ud.jpg,-13.0,-25.0,2569.6953125,283.0506286621094,44.609375,68.35980224609375,0.5234277248382568,0,2592,1944
img_t-25_p-013_20250929_190217_119_ud.jpg,-13.0,-25.0,2576.41552734375,282.7251281738281,29.3251953125,65.77764892578125,0.23987461626529694,0,2592,1944
img_t-25_p-013_20250929_190217_119_ud.jpg,-13.0,-25.0,2569.6953125,283.0506286621094,44.609375,68.35980224609375,0.5234277248382568,0,2592,1944
img_t-25_p-013_20250929_190217_119_ud.jpg,-13.0,-25.0,2576.41552734375,282.7251281738281,29.3251953125,65.77764892578125,0.23987461626529694,0,2592,1944
img_t-25_p-012_20250929_190217_567_ud.jpg,-12.0,-25.0,2555.1025390625,281.9486389160156,71.10693359375,67.37200927734375,0.7877417206764221,0,2592,1944
img_t-25_p-012_20250929_190217_567_ud.jpg,-12.0,-25.0,2555.1025390625,281.9486389160156,71.10693359375,67.37200927734375,0.7877417206764221,0,2592,1944
img_t-25_p-011_20250929_190218_015_ud.jpg,-11.0,-25.0,2517.35400390625,289.308837890625,85.9931640625,73.17529296875,0.796431839466095,0,2592,1944
img_t-25_p-011_20250929_190218_015_ud.jpg,-11.0,-25.0,2517.35400390625,289.308837890625,85.9931640625,73.17529296875,0.796431839466095,0,2592,1944
img_t-25_p-010_20250929_190218_462_ud.jpg,-10.0,-25.0,2468.35107421875,293.93243408203125,83.193359375,71.6141357421875,0.8197925090789795,0,2592,1944
img_t-25_p-010_20250929_190218_462_ud.jpg,-10.0,-25.0,2468.35107421875,293.93243408203125,83.193359375,71.6141357421875,0.8197925090789795,0,2592,1944
img_t-25_p-009_20250929_190218_910_ud.jpg,-9.0,-25.0,2420.89892578125,295.751220703125,84.7294921875,67.681884765625,0.7901234030723572,0,2592,1944
img_t-25_p-009_20250929_190218_910_ud.jpg,-9.0,-25.0,2420.89892578125,295.751220703125,84.7294921875,67.681884765625,0.7901234030723572,0,2592,1944
img_t-25_p-008_20250929_190219_357_ud.jpg,-8.0,-25.0,2391.576904296875,296.538330078125,78.11962890625,65.5550537109375,0.8043081164360046,0,2592,1944
img_t-25_p-008_20250929_190219_357_ud.jpg,-8.0,-25.0,2391.576904296875,296.538330078125,78.11962890625,65.5550537109375,0.8043081164360046,0,2592,1944
img_t-25_p-007_20250929_190219_837_ud.jpg,-7.0,-25.0,2347.1669921875,301.026123046875,78.671875,67.910888671875,0.7995972037315369,0,2592,1944
img_t-25_p-007_20250929_190219_837_ud.jpg,-7.0,-25.0,1786.8226318359375,186.11215209960938,5.924560546875,7.50115966796875,0.10193412750959396,0,2592,1944
img_t-25_p-007_20250929_190219_837_ud.jpg,-7.0,-25.0,2347.1669921875,301.026123046875,78.671875,67.910888671875,0.7995972037315369,0,2592,1944
img_t-25_p-007_20250929_190219_837_ud.jpg,-7.0,-25.0,1786.8226318359375,186.11215209960938,5.924560546875,7.50115966796875,0.10193412750959396,0,2592,1944
img_t-25_p-006_20250929_190220_197_ud.jpg,-6.0,-25.0,2314.21240234375,302.0741271972656,73.0498046875,62.6995849609375,0.7916003465652466,0,2592,1944
img_t-25_p-006_20250929_190220_197_ud.jpg,-6.0,-25.0,2314.21240234375,302.0741271972656,73.0498046875,62.6995849609375,0.7916003465652466,0,2592,1944
img_t-25_p-005_20250929_190220_637_ud.jpg,-5.0,-25.0,2278.253173828125,304.4988098144531,71.4619140625,63.37127685546875,0.818877637386322,0,2592,1944
img_t-25_p-005_20250929_190220_637_ud.jpg,-5.0,-25.0,2278.253173828125,304.4988098144531,71.4619140625,63.37127685546875,0.818877637386322,0,2592,1944
img_t-25_p-004_20250929_190221_087_ud.jpg,-4.0,-25.0,2238.30810546875,308.8537902832031,73.95263671875,66.57342529296875,0.8138566017150879,0,2592,1944
img_t-25_p-004_20250929_190221_087_ud.jpg,-4.0,-25.0,2238.30810546875,308.8537902832031,73.95263671875,66.57342529296875,0.8138566017150879,0,2592,1944
img_t-25_p-003_20250929_190221_533_ud.jpg,-3.0,-25.0,2209.40771484375,310.02313232421875,70.6982421875,60.76885986328125,0.8209806084632874,0,2592,1944
img_t-25_p-003_20250929_190221_533_ud.jpg,-3.0,-25.0,2209.40771484375,310.02313232421875,70.6982421875,60.76885986328125,0.8209806084632874,0,2592,1944
img_t-25_p-002_20250929_190221_981_ud.jpg,-2.0,-25.0,2170.59912109375,311.6725769042969,68.07568359375,61.4058837890625,0.8327678442001343,0,2592,1944
img_t-25_p-002_20250929_190221_981_ud.jpg,-2.0,-25.0,2170.59912109375,311.6725769042969,68.07568359375,61.4058837890625,0.8327678442001343,0,2592,1944
img_t-25_p-001_20250929_190222_428_ud.jpg,-1.0,-25.0,2140.228271484375,314.2743225097656,65.52783203125,59.97161865234375,0.830785870552063,0,2592,1944
img_t-25_p-001_20250929_190222_428_ud.jpg,-1.0,-25.0,2140.228271484375,314.2743225097656,65.52783203125,59.97161865234375,0.830785870552063,0,2592,1944
img_t-25_p+000_20250929_190222_876_ud.jpg,0.0,-25.0,2108.612548828125,316.2451171875,65.75390625,58.2476806640625,0.824163556098938,0,2592,1944
img_t-25_p+000_20250929_190222_876_ud.jpg,0.0,-25.0,2108.612548828125,316.2451171875,65.75390625,58.2476806640625,0.824163556098938,0,2592,1944
img_t-25_p+001_20250929_190223_324_ud.jpg,1.0,-25.0,2083.03173828125,317.02630615234375,63.68798828125,58.4058837890625,0.8297409415245056,0,2592,1944
img_t-25_p+001_20250929_190223_324_ud.jpg,1.0,-25.0,2083.03173828125,317.02630615234375,63.68798828125,58.4058837890625,0.8297409415245056,0,2592,1944
img_t-25_p+002_20250929_190223_772_ud.jpg,2.0,-25.0,2051.202392578125,318.5645751953125,62.31982421875,59.3092041015625,0.8209377527236938,0,2592,1944
img_t-25_p+002_20250929_190223_772_ud.jpg,2.0,-25.0,2051.202392578125,318.5645751953125,62.31982421875,59.3092041015625,0.8209377527236938,0,2592,1944
img_t-25_p+003_20250929_190224_219_ud.jpg,3.0,-25.0,2020.110107421875,320.893798828125,61.08837890625,58.3404541015625,0.8271188735961914,0,2592,1944
img_t-25_p+003_20250929_190224_219_ud.jpg,3.0,-25.0,2020.110107421875,320.893798828125,61.08837890625,58.3404541015625,0.8271188735961914,0,2592,1944
img_t-25_p+004_20250929_190224_667_ud.jpg,4.0,-25.0,1994.178955078125,323.61846923828125,59.9775390625,58.009033203125,0.8238566517829895,0,2592,1944
img_t-25_p+004_20250929_190224_667_ud.jpg,4.0,-25.0,1994.178955078125,323.61846923828125,59.9775390625,58.009033203125,0.8238566517829895,0,2592,1944
img_t-25_p+005_20250929_190225_047_ud.jpg,5.0,-25.0,1969.192626953125,324.22088623046875,55.9765625,55.983642578125,0.8230120539665222,0,2592,1944
img_t-25_p+005_20250929_190225_047_ud.jpg,5.0,-25.0,1969.192626953125,324.22088623046875,55.9765625,55.983642578125,0.8230120539665222,0,2592,1944
img_t-25_p+006_20250929_190225_499_ud.jpg,6.0,-25.0,1941.9755859375,325.5675354003906,57.40283203125,57.4013671875,0.8315788507461548,0,2592,1944
img_t-25_p+006_20250929_190225_499_ud.jpg,6.0,-25.0,1941.9755859375,325.5675354003906,57.40283203125,57.4013671875,0.8315788507461548,0,2592,1944
img_t-25_p+007_20250929_190225_946_ud.jpg,7.0,-25.0,1913.146240234375,327.0469055175781,55.52294921875,56.3070068359375,0.8164061903953552,0,2592,1944
img_t-25_p+007_20250929_190225_946_ud.jpg,7.0,-25.0,1913.146240234375,327.0469055175781,55.52294921875,56.3070068359375,0.8164061903953552,0,2592,1944
img_t-25_p+008_20250929_190226_394_ud.jpg,8.0,-25.0,1887.700439453125,328.66064453125,54.720703125,54.07574462890625,0.83292555809021,0,2592,1944
img_t-25_p+008_20250929_190226_394_ud.jpg,8.0,-25.0,1887.700439453125,328.66064453125,54.720703125,54.07574462890625,0.83292555809021,0,2592,1944
img_t-25_p+009_20250929_190226_842_ud.jpg,9.0,-25.0,1861.99072265625,329.9330139160156,52.60205078125,52.7747802734375,0.8457987904548645,0,2592,1944
img_t-25_p+009_20250929_190226_842_ud.jpg,9.0,-25.0,1861.99072265625,329.9330139160156,52.60205078125,52.7747802734375,0.8457987904548645,0,2592,1944
img_t-25_p+010_20250929_190227_290_ud.jpg,10.0,-25.0,1837.1455078125,330.34844970703125,50.7978515625,52.69140625,0.843731164932251,0,2592,1944
img_t-25_p+010_20250929_190227_290_ud.jpg,10.0,-25.0,1837.1455078125,330.34844970703125,50.7978515625,52.69140625,0.843731164932251,0,2592,1944
img_t-25_p+011_20250929_190227_740_ud.jpg,11.0,-25.0,1810.3427734375,331.2639465332031,53.263916015625,54.46160888671875,0.8372511267662048,0,2592,1944
img_t-25_p+011_20250929_190227_740_ud.jpg,11.0,-25.0,1710.2403564453125,280.443603515625,9.291748046875,11.3974609375,0.24425290524959564,0,2592,1944
img_t-25_p+011_20250929_190227_740_ud.jpg,11.0,-25.0,1810.3427734375,331.2639465332031,53.263916015625,54.46160888671875,0.8372511267662048,0,2592,1944
img_t-25_p+011_20250929_190227_740_ud.jpg,11.0,-25.0,1710.2403564453125,280.443603515625,9.291748046875,11.3974609375,0.24425290524959564,0,2592,1944
img_t-25_p+012_20250929_190228_186_ud.jpg,12.0,-25.0,1789.1962890625,331.93780517578125,51.5224609375,55.1622314453125,0.8399243950843811,0,2592,1944
img_t-25_p+012_20250929_190228_186_ud.jpg,12.0,-25.0,1789.1962890625,331.93780517578125,51.5224609375,55.1622314453125,0.8399243950843811,0,2592,1944
img_t-25_p+013_20250929_190228_633_ud.jpg,13.0,-25.0,1764.828125,332.4194030761719,50.8154296875,55.50311279296875,0.8413727283477783,0,2592,1944
img_t-25_p+013_20250929_190228_633_ud.jpg,13.0,-25.0,1764.828125,332.4194030761719,50.8154296875,55.50311279296875,0.8413727283477783,0,2592,1944
img_t-25_p+014_20250929_190229_081_ud.jpg,14.0,-25.0,1742.185791015625,332.8249206542969,50.435546875,55.2913818359375,0.8298496007919312,0,2592,1944
img_t-25_p+014_20250929_190229_081_ud.jpg,14.0,-25.0,1742.185791015625,332.8249206542969,50.435546875,55.2913818359375,0.8298496007919312,0,2592,1944
img_t-25_p+015_20250929_190229_529_ud.jpg,15.0,-25.0,1718.42822265625,333.62042236328125,50.7392578125,54.8380126953125,0.8103277683258057,0,2592,1944
img_t-25_p+015_20250929_190229_529_ud.jpg,15.0,-25.0,1718.42822265625,333.62042236328125,50.7392578125,54.8380126953125,0.8103277683258057,0,2592,1944
img_t-25_p+016_20250929_190229_977_ud.jpg,16.0,-25.0,1694.8160400390625,334.2220153808594,50.5859375,54.7261962890625,0.8204727172851562,0,2592,1944
img_t-25_p+016_20250929_190229_977_ud.jpg,16.0,-25.0,1694.8160400390625,334.2220153808594,50.5859375,54.7261962890625,0.8204727172851562,0,2592,1944
img_t-25_p+017_20250929_190230_353_ud.jpg,17.0,-25.0,1676.849609375,334.49359130859375,49.45703125,55.26904296875,0.7988191246986389,0,2592,1944
img_t-25_p+017_20250929_190230_353_ud.jpg,17.0,-25.0,1676.849609375,334.49359130859375,49.45703125,55.26904296875,0.7988191246986389,0,2592,1944
img_t-25_p+018_20250929_190230_809_ud.jpg,18.0,-25.0,1652.3072509765625,336.8189697265625,48.2919921875,50.830078125,0.799112856388092,0,2592,1944
img_t-25_p+018_20250929_190230_809_ud.jpg,18.0,-25.0,1652.3072509765625,336.8189697265625,48.2919921875,50.830078125,0.799112856388092,0,2592,1944
img_t-25_p+019_20250929_190231_257_ud.jpg,19.0,-25.0,1629.3475341796875,336.7156982421875,48.6279296875,55.6617431640625,0.7925102114677429,0,2592,1944
img_t-25_p+019_20250929_190231_257_ud.jpg,19.0,-25.0,1629.3475341796875,336.7156982421875,48.6279296875,55.6617431640625,0.7925102114677429,0,2592,1944
img_t-25_p+020_20250929_190231_704_ud.jpg,20.0,-25.0,1607.321533203125,337.2019348144531,47.4775390625,50.89794921875,0.8360314965248108,0,2592,1944
img_t-25_p+020_20250929_190231_704_ud.jpg,20.0,-25.0,1210.909423828125,201.50531005859375,5.4375,6.92657470703125,0.23728740215301514,0,2592,1944
img_t-25_p+020_20250929_190231_704_ud.jpg,20.0,-25.0,1221.07177734375,198.08352661132812,5.81298828125,7.828857421875,0.10305234044790268,0,2592,1944
img_t-25_p+020_20250929_190231_704_ud.jpg,20.0,-25.0,1607.321533203125,337.2019348144531,47.4775390625,50.89794921875,0.8360314965248108,0,2592,1944
img_t-25_p+020_20250929_190231_704_ud.jpg,20.0,-25.0,1210.909423828125,201.50531005859375,5.4375,6.92657470703125,0.23728740215301514,0,2592,1944
img_t-25_p+020_20250929_190231_704_ud.jpg,20.0,-25.0,1221.07177734375,198.08352661132812,5.81298828125,7.828857421875,0.10305234044790268,0,2592,1944
img_t-25_p+021_20250929_190232_151_ud.jpg,21.0,-25.0,1586.434326171875,337.8986511230469,46.87646484375,51.5665283203125,0.8237411975860596,0,2592,1944
img_t-25_p+021_20250929_190232_151_ud.jpg,21.0,-25.0,1586.434326171875,337.8986511230469,46.87646484375,51.5665283203125,0.8237411975860596,0,2592,1944
img_t-25_p+022_20250929_190232_600_ud.jpg,22.0,-25.0,1565.145751953125,337.9049987792969,46.93798828125,51.2462158203125,0.8252195715904236,0,2592,1944
img_t-25_p+022_20250929_190232_600_ud.jpg,22.0,-25.0,1170.23046875,199.15289306640625,5.4384765625,6.1732177734375,0.1756594330072403,0,2592,1944
img_t-25_p+022_20250929_190232_600_ud.jpg,22.0,-25.0,1565.145751953125,337.9049987792969,46.93798828125,51.2462158203125,0.8252195715904236,0,2592,1944
img_t-25_p+022_20250929_190232_600_ud.jpg,22.0,-25.0,1170.23046875,199.15289306640625,5.4384765625,6.1732177734375,0.1756594330072403,0,2592,1944
img_t-25_p+023_20250929_190233_047_ud.jpg,23.0,-25.0,1543.577392578125,338.11376953125,45.71630859375,50.7913818359375,0.8358680009841919,0,2592,1944
img_t-25_p+023_20250929_190233_047_ud.jpg,23.0,-25.0,1543.577392578125,338.11376953125,45.71630859375,50.7913818359375,0.8358680009841919,0,2592,1944
img_t-25_p+024_20250929_190233_496_ud.jpg,24.0,-25.0,1522.8973388671875,338.513916015625,43.799072265625,51.3568115234375,0.8378987312316895,0,2592,1944
img_t-25_p+024_20250929_190233_496_ud.jpg,24.0,-25.0,1522.8973388671875,338.513916015625,43.799072265625,51.3568115234375,0.8378987312316895,0,2592,1944
img_t-25_p+025_20250929_190233_948_ud.jpg,25.0,-25.0,1501.519287109375,338.54345703125,45.34375,52.039794921875,0.8454074859619141,0,2592,1944
img_t-25_p+025_20250929_190233_948_ud.jpg,25.0,-25.0,1501.519287109375,338.54345703125,45.34375,52.039794921875,0.8454074859619141,0,2592,1944
img_t-25_p+026_20250929_190234_393_ud.jpg,26.0,-25.0,1484.19189453125,338.60003662109375,44.8369140625,50.8017578125,0.8374137282371521,0,2592,1944
img_t-25_p+026_20250929_190234_393_ud.jpg,26.0,-25.0,1484.19189453125,338.60003662109375,44.8369140625,50.8017578125,0.8374137282371521,0,2592,1944
img_t-25_p+027_20250929_190234_838_ud.jpg,27.0,-25.0,1461.1728515625,338.72021484375,43.74853515625,50.9822998046875,0.8383062481880188,0,2592,1944
img_t-25_p+027_20250929_190234_838_ud.jpg,27.0,-25.0,1461.1728515625,338.72021484375,43.74853515625,50.9822998046875,0.8383062481880188,0,2592,1944
img_t-25_p+028_20250929_190235_288_ud.jpg,28.0,-25.0,1442.847900390625,338.78094482421875,44.22998046875,51.21533203125,0.8404585719108582,0,2592,1944
img_t-25_p+028_20250929_190235_288_ud.jpg,28.0,-25.0,1043.04541015625,193.031982421875,5.29931640625,7.17474365234375,0.25244906544685364,0,2592,1944
img_t-25_p+028_20250929_190235_288_ud.jpg,28.0,-25.0,1442.847900390625,338.78094482421875,44.22998046875,51.21533203125,0.8404585719108582,0,2592,1944
img_t-25_p+028_20250929_190235_288_ud.jpg,28.0,-25.0,1043.04541015625,193.031982421875,5.29931640625,7.17474365234375,0.25244906544685364,0,2592,1944
img_t-25_p+029_20250929_190235_659_ud.jpg,29.0,-25.0,1426.05322265625,338.98785400390625,43.09521484375,51.03729248046875,0.8354230523109436,0,2592,1944
img_t-25_p+029_20250929_190235_659_ud.jpg,29.0,-25.0,1426.05322265625,338.98785400390625,43.09521484375,51.03729248046875,0.8354230523109436,0,2592,1944
img_t-25_p+030_20250929_190236_118_ud.jpg,30.0,-25.0,1401.87548828125,338.72857666015625,42.41259765625,50.4556884765625,0.8356465697288513,0,2592,1944
img_t-25_p+030_20250929_190236_118_ud.jpg,30.0,-25.0,1401.87548828125,338.72857666015625,42.41259765625,50.4556884765625,0.8356465697288513,0,2592,1944
img_t-25_p+031_20250929_190236_565_ud.jpg,31.0,-25.0,1383.59228515625,338.50177001953125,43.01611328125,50.6943359375,0.8401920199394226,0,2592,1944
img_t-25_p+031_20250929_190236_565_ud.jpg,31.0,-25.0,1383.59228515625,338.50177001953125,43.01611328125,50.6943359375,0.8401920199394226,0,2592,1944
img_t-25_p+032_20250929_190237_013_ud.jpg,32.0,-25.0,1362.69921875,338.3782043457031,42.594482421875,49.332275390625,0.8366965055465698,0,2592,1944
img_t-25_p+032_20250929_190237_013_ud.jpg,32.0,-25.0,1362.69921875,338.3782043457031,42.594482421875,49.332275390625,0.8366965055465698,0,2592,1944
img_t-25_p+033_20250929_190237_461_ud.jpg,33.0,-25.0,1342.875244140625,338.238037109375,42.37548828125,50.18182373046875,0.8434323072433472,0,2592,1944
img_t-25_p+033_20250929_190237_461_ud.jpg,33.0,-25.0,1181.918212890625,354.2896728515625,5.693359375,6.9205322265625,0.13088983297348022,0,2592,1944
img_t-25_p+033_20250929_190237_461_ud.jpg,33.0,-25.0,1342.875244140625,338.238037109375,42.37548828125,50.18182373046875,0.8434323072433472,0,2592,1944
img_t-25_p+033_20250929_190237_461_ud.jpg,33.0,-25.0,1181.918212890625,354.2896728515625,5.693359375,6.9205322265625,0.13088983297348022,0,2592,1944
img_t-25_p+034_20250929_190237_909_ud.jpg,34.0,-25.0,1322.49365234375,338.2784423828125,42.6982421875,50.229736328125,0.8383576273918152,0,2592,1944
img_t-25_p+034_20250929_190237_909_ud.jpg,34.0,-25.0,1322.49365234375,338.2784423828125,42.6982421875,50.229736328125,0.8383576273918152,0,2592,1944
img_t-25_p+035_20250929_190238_356_ud.jpg,35.0,-25.0,1302.49609375,338.6168212890625,42.408203125,51.00604248046875,0.8398721814155579,0,2592,1944
img_t-25_p+035_20250929_190238_356_ud.jpg,35.0,-25.0,1142.781982421875,353.70947265625,7.2744140625,8.514404296875,0.23604167997837067,0,2592,1944
img_t-25_p+035_20250929_190238_356_ud.jpg,35.0,-25.0,1302.49609375,338.6168212890625,42.408203125,51.00604248046875,0.8398721814155579,0,2592,1944
img_t-25_p+035_20250929_190238_356_ud.jpg,35.0,-25.0,1142.781982421875,353.70947265625,7.2744140625,8.514404296875,0.23604167997837067,0,2592,1944
img_t-25_p+036_20250929_190238_804_ud.jpg,36.0,-25.0,1282.4281005859375,338.4363098144531,43.350830078125,50.12030029296875,0.8248723149299622,0,2592,1944
img_t-25_p+036_20250929_190238_804_ud.jpg,36.0,-25.0,1282.4281005859375,338.4363098144531,43.350830078125,50.12030029296875,0.8248723149299622,0,2592,1944
img_t-25_p+037_20250929_190239_252_ud.jpg,37.0,-25.0,1261.970947265625,337.3197021484375,43.1474609375,49.96722412109375,0.836980938911438,0,2592,1944
img_t-25_p+037_20250929_190239_252_ud.jpg,37.0,-25.0,1261.970947265625,337.3197021484375,43.1474609375,49.96722412109375,0.836980938911438,0,2592,1944
img_t-25_p+038_20250929_190239_699_ud.jpg,38.0,-25.0,1241.6439208984375,337.31707763671875,41.77978515625,49.4921875,0.8188641667366028,0,2592,1944
img_t-25_p+038_20250929_190239_699_ud.jpg,38.0,-25.0,1241.6439208984375,337.31707763671875,41.77978515625,49.4921875,0.8188641667366028,0,2592,1944
img_t-25_p+039_20250929_190240_147_ud.jpg,39.0,-25.0,1223.001220703125,336.78863525390625,42.156982421875,49.0574951171875,0.8427361845970154,0,2592,1944
img_t-25_p+039_20250929_190240_147_ud.jpg,39.0,-25.0,1223.001220703125,336.78863525390625,42.156982421875,49.0574951171875,0.8427361845970154,0,2592,1944
img_t-25_p+040_20250929_190240_595_ud.jpg,40.0,-25.0,1201.402587890625,336.6814880371094,41.8291015625,48.6712646484375,0.8330963850021362,0,2592,1944
img_t-25_p+040_20250929_190240_595_ud.jpg,40.0,-25.0,1201.402587890625,336.6814880371094,41.8291015625,48.6712646484375,0.8330963850021362,0,2592,1944
img_t-25_p+041_20250929_190240_971_ud.jpg,41.0,-25.0,1185.0811767578125,335.9471740722656,42.682861328125,47.6739501953125,0.8324434161186218,0,2592,1944
img_t-25_p+041_20250929_190240_971_ud.jpg,41.0,-25.0,1185.0811767578125,335.9471740722656,42.682861328125,47.6739501953125,0.8324434161186218,0,2592,1944
img_t-25_p+042_20250929_190241_427_ud.jpg,42.0,-25.0,1162.345947265625,334.8885803222656,44.96923828125,51.4718017578125,0.8099919557571411,0,2592,1944
img_t-25_p+042_20250929_190241_427_ud.jpg,42.0,-25.0,1162.345947265625,334.8885803222656,44.96923828125,51.4718017578125,0.8099919557571411,0,2592,1944
img_t-25_p+043_20250929_190241_875_ud.jpg,43.0,-25.0,1140.33251953125,334.2173767089844,44.68408203125,51.18560791015625,0.8277850151062012,0,2592,1944
img_t-25_p+043_20250929_190241_875_ud.jpg,43.0,-25.0,1140.33251953125,334.2173767089844,44.68408203125,51.18560791015625,0.8277850151062012,0,2592,1944
img_t-25_p+044_20250929_190242_322_ud.jpg,44.0,-25.0,1120.404052734375,334.055419921875,42.78271484375,49.3912353515625,0.8316639065742493,0,2592,1944
img_t-25_p+044_20250929_190242_322_ud.jpg,44.0,-25.0,1120.404052734375,334.055419921875,42.78271484375,49.3912353515625,0.8316639065742493,0,2592,1944
img_t-25_p+045_20250929_190242_770_ud.jpg,45.0,-25.0,1100.9423828125,333.38916015625,45.205078125,52.0291748046875,0.8299760818481445,0,2592,1944
img_t-25_p+045_20250929_190242_770_ud.jpg,45.0,-25.0,1100.9423828125,333.38916015625,45.205078125,52.0291748046875,0.8299760818481445,0,2592,1944
img_t-25_p+046_20250929_190243_218_ud.jpg,46.0,-25.0,1077.2921142578125,331.96295166015625,43.91064453125,51.647705078125,0.8278982043266296,0,2592,1944
img_t-25_p+046_20250929_190243_218_ud.jpg,46.0,-25.0,912.9989013671875,345.6759033203125,7.8359375,7.81298828125,0.10125669836997986,0,2592,1944
img_t-25_p+046_20250929_190243_218_ud.jpg,46.0,-25.0,1077.2921142578125,331.96295166015625,43.91064453125,51.647705078125,0.8278982043266296,0,2592,1944
img_t-25_p+046_20250929_190243_218_ud.jpg,46.0,-25.0,912.9989013671875,345.6759033203125,7.8359375,7.81298828125,0.10125669836997986,0,2592,1944
img_t-25_p+047_20250929_190243_666_ud.jpg,47.0,-25.0,1058.3056640625,330.8436279296875,43.55859375,50.82080078125,0.8292213678359985,0,2592,1944
img_t-25_p+047_20250929_190243_666_ud.jpg,47.0,-25.0,922.2176513671875,342.2144775390625,6.729736328125,8.73907470703125,0.22411389648914337,0,2592,1944
img_t-25_p+047_20250929_190243_666_ud.jpg,47.0,-25.0,1058.3056640625,330.8436279296875,43.55859375,50.82080078125,0.8292213678359985,0,2592,1944
img_t-25_p+047_20250929_190243_666_ud.jpg,47.0,-25.0,922.2176513671875,342.2144775390625,6.729736328125,8.73907470703125,0.22411389648914337,0,2592,1944
img_t-25_p+048_20250929_190244_113_ud.jpg,48.0,-25.0,1035.6516418457031,330.39349365234375,44.90570068359375,51.1727294921875,0.8314177989959717,0,2592,1944
img_t-25_p+048_20250929_190244_113_ud.jpg,48.0,-25.0,870.6630859375,343.7840576171875,8.5296630859375,8.434326171875,0.4639885127544403,0,2592,1944
img_t-25_p+048_20250929_190244_113_ud.jpg,48.0,-25.0,1035.6516418457031,330.39349365234375,44.90570068359375,51.1727294921875,0.8314177989959717,0,2592,1944
img_t-25_p+048_20250929_190244_113_ud.jpg,48.0,-25.0,870.6630859375,343.7840576171875,8.5296630859375,8.434326171875,0.4639885127544403,0,2592,1944
img_t-25_p+049_20250929_190244_561_ud.jpg,49.0,-25.0,1014.3521728515625,330.13262939453125,45.033447265625,51.6365966796875,0.8401861190795898,0,2592,1944
img_t-25_p+049_20250929_190244_561_ud.jpg,49.0,-25.0,522.9407958984375,129.76593017578125,10.8062744140625,9.873046875,0.10926764458417892,0,2592,1944
img_t-25_p+049_20250929_190244_561_ud.jpg,49.0,-25.0,1014.3521728515625,330.13262939453125,45.033447265625,51.6365966796875,0.8401861190795898,0,2592,1944
img_t-25_p+049_20250929_190244_561_ud.jpg,49.0,-25.0,522.9407958984375,129.76593017578125,10.8062744140625,9.873046875,0.10926764458417892,0,2592,1944
img_t-25_p+050_20250929_190245_009_ud.jpg,50.0,-25.0,992.4420166015625,329.4363098144531,44.63671875,50.87567138671875,0.8346087336540222,0,2592,1944
img_t-25_p+050_20250929_190245_009_ud.jpg,50.0,-25.0,835.6943359375,342.34466552734375,4.47216796875,7.910888671875,0.3434901535511017,0,2592,1944
img_t-25_p+050_20250929_190245_009_ud.jpg,50.0,-25.0,852.7734375,339.05755615234375,8.135498046875,10.31146240234375,0.1928887665271759,0,2592,1944
img_t-25_p+050_20250929_190245_009_ud.jpg,50.0,-25.0,805.9526977539062,338.9991455078125,6.4852294921875,7.609130859375,0.170444518327713,0,2592,1944
img_t-25_p+050_20250929_190245_009_ud.jpg,50.0,-25.0,824.8463134765625,341.3940124511719,8.285400390625,8.41558837890625,0.1116366907954216,0,2592,1944
img_t-25_p+050_20250929_190245_009_ud.jpg,50.0,-25.0,992.4420166015625,329.4363098144531,44.63671875,50.87567138671875,0.8346087336540222,0,2592,1944
img_t-25_p+050_20250929_190245_009_ud.jpg,50.0,-25.0,835.6943359375,342.34466552734375,4.47216796875,7.910888671875,0.3434901535511017,0,2592,1944
img_t-25_p+050_20250929_190245_009_ud.jpg,50.0,-25.0,852.7734375,339.05755615234375,8.135498046875,10.31146240234375,0.1928887665271759,0,2592,1944
img_t-25_p+050_20250929_190245_009_ud.jpg,50.0,-25.0,805.9526977539062,338.9991455078125,6.4852294921875,7.609130859375,0.170444518327713,0,2592,1944
img_t-25_p+050_20250929_190245_009_ud.jpg,50.0,-25.0,824.8463134765625,341.3940124511719,8.285400390625,8.41558837890625,0.1116366907954216,0,2592,1944
img_t-25_p+051_20250929_190245_457_ud.jpg,51.0,-25.0,971.7880249023438,328.4791564941406,46.2379150390625,49.68310546875,0.8331102728843689,0,2592,1944
img_t-25_p+051_20250929_190245_457_ud.jpg,51.0,-25.0,971.7880249023438,328.4791564941406,46.2379150390625,49.68310546875,0.8331102728843689,0,2592,1944
img_t-25_p+052_20250929_190245_905_ud.jpg,52.0,-25.0,950.0523681640625,327.2994689941406,46.763427734375,50.11322021484375,0.8308607935905457,0,2592,1944
img_t-25_p+052_20250929_190245_905_ud.jpg,52.0,-25.0,950.0523681640625,327.2994689941406,46.763427734375,50.11322021484375,0.8308607935905457,0,2592,1944
img_t-25_p+053_20250929_190246_285_ud.jpg,53.0,-25.0,932.040283203125,325.2856140136719,47.326904296875,52.6666259765625,0.8200463056564331,0,2592,1944
img_t-25_p+053_20250929_190246_285_ud.jpg,53.0,-25.0,788.1702880859375,334.89166259765625,9.108154296875,9.95196533203125,0.16959808766841888,0,2592,1944
img_t-25_p+053_20250929_190246_285_ud.jpg,53.0,-25.0,932.040283203125,325.2856140136719,47.326904296875,52.6666259765625,0.8200463056564331,0,2592,1944
img_t-25_p+053_20250929_190246_285_ud.jpg,53.0,-25.0,788.1702880859375,334.89166259765625,9.108154296875,9.95196533203125,0.16959808766841888,0,2592,1944
img_t-25_p+054_20250929_190246_736_ud.jpg,54.0,-25.0,904.1898803710938,324.423583984375,47.96484375,53.4862060546875,0.8271220922470093,0,2592,1944
img_t-25_p+054_20250929_190246_736_ud.jpg,54.0,-25.0,710.0054321289062,333.658935546875,6.5904541015625,8.5789794921875,0.37518206238746643,0,2592,1944
img_t-25_p+054_20250929_190246_736_ud.jpg,54.0,-25.0,725.807373046875,334.7982177734375,9.157958984375,8.1697998046875,0.36914509534835815,0,2592,1944
img_t-25_p+054_20250929_190246_736_ud.jpg,54.0,-25.0,741.48486328125,337.2992858886719,5.2431640625,7.47772216796875,0.339302122592926,0,2592,1944
img_t-25_p+054_20250929_190246_736_ud.jpg,54.0,-25.0,759.1207885742188,332.4403076171875,8.053466796875,10.78216552734375,0.1557305008172989,0,2592,1944
img_t-25_p+054_20250929_190246_736_ud.jpg,54.0,-25.0,904.1898803710938,324.423583984375,47.96484375,53.4862060546875,0.8271220922470093,0,2592,1944
img_t-25_p+054_20250929_190246_736_ud.jpg,54.0,-25.0,710.0054321289062,333.658935546875,6.5904541015625,8.5789794921875,0.37518206238746643,0,2592,1944
img_t-25_p+054_20250929_190246_736_ud.jpg,54.0,-25.0,725.807373046875,334.7982177734375,9.157958984375,8.1697998046875,0.36914509534835815,0,2592,1944
img_t-25_p+054_20250929_190246_736_ud.jpg,54.0,-25.0,741.48486328125,337.2992858886719,5.2431640625,7.47772216796875,0.339302122592926,0,2592,1944
img_t-25_p+054_20250929_190246_736_ud.jpg,54.0,-25.0,759.1207885742188,332.4403076171875,8.053466796875,10.78216552734375,0.1557305008172989,0,2592,1944
img_t-25_p+055_20250929_190247_184_ud.jpg,55.0,-25.0,879.8545532226562,323.35211181640625,48.7847900390625,52.9947509765625,0.8301731944084167,0,2592,1944
img_t-25_p+055_20250929_190247_184_ud.jpg,55.0,-25.0,879.8545532226562,323.35211181640625,48.7847900390625,52.9947509765625,0.8301731944084167,0,2592,1944
img_t-25_p+056_20250929_190247_632_ud.jpg,56.0,-25.0,855.7330322265625,322.16326904296875,49.754150390625,52.24658203125,0.8348097801208496,0,2592,1944
img_t-25_p+056_20250929_190247_632_ud.jpg,56.0,-25.0,707.447509765625,330.21697998046875,9.02490234375,10.77392578125,0.1274743378162384,0,2592,1944
img_t-25_p+056_20250929_190247_632_ud.jpg,56.0,-25.0,855.7330322265625,322.16326904296875,49.754150390625,52.24658203125,0.8348097801208496,0,2592,1944
img_t-25_p+056_20250929_190247_632_ud.jpg,56.0,-25.0,707.447509765625,330.21697998046875,9.02490234375,10.77392578125,0.1274743378162384,0,2592,1944
img_t-25_p+057_20250929_190248_080_ud.jpg,57.0,-25.0,838.0958251953125,321.62030029296875,49.472412109375,52.1455078125,0.845159113407135,0,2592,1944
img_t-25_p+057_20250929_190248_080_ud.jpg,57.0,-25.0,687.3969116210938,328.7351379394531,8.5570068359375,9.97418212890625,0.1098969355225563,0,2592,1944
img_t-25_p+057_20250929_190248_080_ud.jpg,57.0,-25.0,838.0958251953125,321.62030029296875,49.472412109375,52.1455078125,0.845159113407135,0,2592,1944
img_t-25_p+057_20250929_190248_080_ud.jpg,57.0,-25.0,687.3969116210938,328.7351379394531,8.5570068359375,9.97418212890625,0.1098969355225563,0,2592,1944
img_t-25_p+058_20250929_190248_527_ud.jpg,58.0,-25.0,813.273681640625,319.4337158203125,49.612060546875,53.55474853515625,0.8407025933265686,0,2592,1944
img_t-25_p+058_20250929_190248_527_ud.jpg,58.0,-25.0,813.273681640625,319.4337158203125,49.612060546875,53.55474853515625,0.8407025933265686,0,2592,1944
img_t-25_p+059_20250929_190248_975_ud.jpg,59.0,-25.0,787.211181640625,316.8140869140625,50.462158203125,54.401123046875,0.8196776509284973,0,2592,1944
img_t-25_p+059_20250929_190248_975_ud.jpg,59.0,-25.0,611.4898681640625,327.9897155761719,4.875244140625,7.5966796875,0.2603946924209595,0,2592,1944
img_t-25_p+059_20250929_190248_975_ud.jpg,59.0,-25.0,632.55810546875,324.2742004394531,9.538330078125,10.83709716796875,0.17956526577472687,0,2592,1944
img_t-25_p+059_20250929_190248_975_ud.jpg,59.0,-25.0,787.211181640625,316.8140869140625,50.462158203125,54.401123046875,0.8196776509284973,0,2592,1944
img_t-25_p+059_20250929_190248_975_ud.jpg,59.0,-25.0,611.4898681640625,327.9897155761719,4.875244140625,7.5966796875,0.2603946924209595,0,2592,1944
img_t-25_p+059_20250929_190248_975_ud.jpg,59.0,-25.0,632.55810546875,324.2742004394531,9.538330078125,10.83709716796875,0.17956526577472687,0,2592,1944
img_t-25_p+060_20250929_190249_423_ud.jpg,60.0,-25.0,762.4842529296875,316.1092224121094,51.886962890625,54.66607666015625,0.8254218697547913,0,2592,1944
img_t-25_p+060_20250929_190249_423_ud.jpg,60.0,-25.0,762.4842529296875,316.1092224121094,51.886962890625,54.66607666015625,0.8254218697547913,0,2592,1944
img_t-25_p+061_20250929_190249_870_ud.jpg,61.0,-25.0,735.9765625,314.747314453125,54.892333984375,54.2232666015625,0.833231508731842,0,2592,1944
img_t-25_p+061_20250929_190249_870_ud.jpg,61.0,-25.0,575.7025146484375,320.60589599609375,8.72998046875,10.535888671875,0.2305288463830948,0,2592,1944
img_t-25_p+061_20250929_190249_870_ud.jpg,61.0,-25.0,538.4253540039062,322.46099853515625,9.8338623046875,9.31982421875,0.10967002063989639,0,2592,1944
img_t-25_p+061_20250929_190249_870_ud.jpg,61.0,-25.0,735.9765625,314.747314453125,54.892333984375,54.2232666015625,0.833231508731842,0,2592,1944
img_t-25_p+061_20250929_190249_870_ud.jpg,61.0,-25.0,575.7025146484375,320.60589599609375,8.72998046875,10.535888671875,0.2305288463830948,0,2592,1944
img_t-25_p+061_20250929_190249_870_ud.jpg,61.0,-25.0,538.4253540039062,322.46099853515625,9.8338623046875,9.31982421875,0.10967002063989639,0,2592,1944
img_t-25_p+062_20250929_190250_318_ud.jpg,62.0,-25.0,708.736572265625,312.5562744140625,55.5927734375,53.6435546875,0.8274593353271484,0,2592,1944
img_t-25_p+062_20250929_190250_318_ud.jpg,62.0,-25.0,486.27435302734375,317.6689453125,9.05194091796875,10.1256103515625,0.46939927339553833,0,2592,1944
img_t-25_p+062_20250929_190250_318_ud.jpg,62.0,-25.0,708.736572265625,312.5562744140625,55.5927734375,53.6435546875,0.8274593353271484,0,2592,1944
img_t-25_p+062_20250929_190250_318_ud.jpg,62.0,-25.0,486.27435302734375,317.6689453125,9.05194091796875,10.1256103515625,0.46939927339553833,0,2592,1944
img_t-25_p+063_20250929_190250_768_ud.jpg,63.0,-25.0,680.5968627929688,309.9359130859375,55.5213623046875,56.722412109375,0.8166018128395081,0,2592,1944
img_t-25_p+063_20250929_190250_768_ud.jpg,63.0,-25.0,492.783447265625,319.32403564453125,5.28076171875,7.743896484375,0.16017085313796997,0,2592,1944
img_t-25_p+063_20250929_190250_768_ud.jpg,63.0,-25.0,514.3331909179688,315.7232971191406,9.1448974609375,10.08087158203125,0.14372281730175018,0,2592,1944
img_t-25_p+063_20250929_190250_768_ud.jpg,63.0,-25.0,680.5968627929688,309.9359130859375,55.5213623046875,56.722412109375,0.8166018128395081,0,2592,1944
img_t-25_p+063_20250929_190250_768_ud.jpg,63.0,-25.0,492.783447265625,319.32403564453125,5.28076171875,7.743896484375,0.16017085313796997,0,2592,1944
img_t-25_p+063_20250929_190250_768_ud.jpg,63.0,-25.0,514.3331909179688,315.7232971191406,9.1448974609375,10.08087158203125,0.14372281730175018,0,2592,1944
img_t-25_p+064_20250929_190251_217_ud.jpg,64.0,-25.0,652.8739013671875,308.2178649902344,58.3759765625,56.05621337890625,0.8312300443649292,0,2592,1944
img_t-25_p+064_20250929_190251_217_ud.jpg,64.0,-25.0,652.8739013671875,308.2178649902344,58.3759765625,56.05621337890625,0.8312300443649292,0,2592,1944
img_t-25_p+065_20250929_190251_596_ud.jpg,65.0,-25.0,631.708251953125,307.4897155761719,57.455078125,56.56292724609375,0.8298056125640869,0,2592,1944
img_t-25_p+065_20250929_190251_596_ud.jpg,65.0,-25.0,418.9278564453125,313.56494140625,11.9842529296875,11.178955078125,0.42844825983047485,0,2592,1944
img_t-25_p+065_20250929_190251_596_ud.jpg,65.0,-25.0,631.708251953125,307.4897155761719,57.455078125,56.56292724609375,0.8298056125640869,0,2592,1944
img_t-25_p+065_20250929_190251_596_ud.jpg,65.0,-25.0,418.9278564453125,313.56494140625,11.9842529296875,11.178955078125,0.42844825983047485,0,2592,1944
img_t-25_p+066_20250929_190252_046_ud.jpg,66.0,-25.0,600.1199951171875,303.9539794921875,57.19775390625,56.7279052734375,0.8167094588279724,0,2592,1944
img_t-25_p+066_20250929_190252_046_ud.jpg,66.0,-25.0,600.1199951171875,303.9539794921875,57.19775390625,56.7279052734375,0.8167094588279724,0,2592,1944
img_t-25_p+067_20250929_190252_497_ud.jpg,67.0,-25.0,570.1643676757812,301.78106689453125,62.121337890625,58.2525634765625,0.8250976204872131,0,2592,1944
img_t-25_p+067_20250929_190252_497_ud.jpg,67.0,-25.0,570.1643676757812,301.78106689453125,62.121337890625,58.2525634765625,0.8250976204872131,0,2592,1944
img_t-25_p+068_20250929_190252_945_ud.jpg,68.0,-25.0,542.6978759765625,299.99908447265625,60.865478515625,57.5198974609375,0.8216256499290466,0,2592,1944
img_t-25_p+068_20250929_190252_945_ud.jpg,68.0,-25.0,333.59576416015625,306.7664794921875,7.642822265625,8.865234375,0.40259256958961487,0,2592,1944
img_t-25_p+068_20250929_190252_945_ud.jpg,68.0,-25.0,359.22271728515625,303.2408447265625,10.006591796875,10.5919189453125,0.23862487077713013,0,2592,1944
img_t-25_p+068_20250929_190252_945_ud.jpg,68.0,-25.0,542.6978759765625,299.99908447265625,60.865478515625,57.5198974609375,0.8216256499290466,0,2592,1944
img_t-25_p+068_20250929_190252_945_ud.jpg,68.0,-25.0,333.59576416015625,306.7664794921875,7.642822265625,8.865234375,0.40259256958961487,0,2592,1944
img_t-25_p+068_20250929_190252_945_ud.jpg,68.0,-25.0,359.22271728515625,303.2408447265625,10.006591796875,10.5919189453125,0.23862487077713013,0,2592,1944
img_t-25_p+069_20250929_190253_393_ud.jpg,69.0,-25.0,512.8535308837891,297.388916015625,64.16183471679688,58.61956787109375,0.8148019909858704,0,2592,1944
img_t-25_p+069_20250929_190253_393_ud.jpg,69.0,-25.0,512.8535308837891,297.388916015625,64.16183471679688,58.61956787109375,0.8148019909858704,0,2592,1944
img_t-25_p+070_20250929_190253_840_ud.jpg,70.0,-25.0,477.14459228515625,293.7750244140625,67.0750732421875,59.576171875,0.8251559734344482,0,2592,1944
img_t-25_p+070_20250929_190253_840_ud.jpg,70.0,-25.0,285.2731018066406,297.0028076171875,12.60986328125,12.78912353515625,0.25013887882232666,0,2592,1944
img_t-25_p+070_20250929_190253_840_ud.jpg,70.0,-25.0,477.14459228515625,293.7750244140625,67.0750732421875,59.576171875,0.8251559734344482,0,2592,1944
img_t-25_p+070_20250929_190253_840_ud.jpg,70.0,-25.0,285.2731018066406,297.0028076171875,12.60986328125,12.78912353515625,0.25013887882232666,0,2592,1944
img_t-25_p+071_20250929_190254_288_ud.jpg,71.0,-25.0,444.9808349609375,291.0657958984375,67.413818359375,60.7984619140625,0.8108617663383484,0,2592,1944
img_t-25_p+071_20250929_190254_288_ud.jpg,71.0,-25.0,219.28041076660156,296.53662109375,9.337921142578125,9.12738037109375,0.6542373895645142,0,2592,1944
img_t-25_p+071_20250929_190254_288_ud.jpg,71.0,-25.0,201.19674682617188,294.2960205078125,9.3380126953125,9.21893310546875,0.19856838881969452,0,2592,1944
img_t-25_p+071_20250929_190254_288_ud.jpg,71.0,-25.0,444.9808349609375,291.0657958984375,67.413818359375,60.7984619140625,0.8108617663383484,0,2592,1944
img_t-25_p+071_20250929_190254_288_ud.jpg,71.0,-25.0,219.28041076660156,296.53662109375,9.337921142578125,9.12738037109375,0.6542373895645142,0,2592,1944
img_t-25_p+071_20250929_190254_288_ud.jpg,71.0,-25.0,201.19674682617188,294.2960205078125,9.3380126953125,9.21893310546875,0.19856838881969452,0,2592,1944
img_t-25_p+072_20250929_190254_736_ud.jpg,72.0,-25.0,411.6951904296875,288.1011962890625,69.21923828125,62.59765625,0.8040489554405212,0,2592,1944
img_t-25_p+072_20250929_190254_736_ud.jpg,72.0,-25.0,207.831298828125,290.53564453125,13.04669189453125,12.2994384765625,0.18806958198547363,0,2592,1944
img_t-25_p+072_20250929_190254_736_ud.jpg,72.0,-25.0,411.6951904296875,288.1011962890625,69.21923828125,62.59765625,0.8040489554405212,0,2592,1944
img_t-25_p+072_20250929_190254_736_ud.jpg,72.0,-25.0,207.831298828125,290.53564453125,13.04669189453125,12.2994384765625,0.18806958198547363,0,2592,1944
img_t-25_p+073_20250929_190255_184_ud.jpg,73.0,-25.0,379.7985534667969,285.02947998046875,70.62554931640625,60.8909912109375,0.8142147660255432,0,2592,1944
img_t-25_p+073_20250929_190255_184_ud.jpg,73.0,-25.0,379.7985534667969,285.02947998046875,70.62554931640625,60.8909912109375,0.8142147660255432,0,2592,1944
img_t-25_p+074_20250929_190255_632_ud.jpg,74.0,-25.0,345.65997314453125,281.4334182739258,72.61871337890625,62.67515563964844,0.8139216899871826,0,2592,1944
img_t-25_p+074_20250929_190255_632_ud.jpg,74.0,-25.0,97.204345703125,287.02093505859375,8.9046630859375,11.0794677734375,0.528932511806488,0,2592,1944
img_t-25_p+074_20250929_190255_632_ud.jpg,74.0,-25.0,129.28512573242188,283.1269226074219,11.414794921875,11.68359375,0.3408920168876648,0,2592,1944
img_t-25_p+074_20250929_190255_632_ud.jpg,74.0,-25.0,345.65997314453125,281.4334182739258,72.61871337890625,62.67515563964844,0.8139216899871826,0,2592,1944
img_t-25_p+074_20250929_190255_632_ud.jpg,74.0,-25.0,97.204345703125,287.02093505859375,8.9046630859375,11.0794677734375,0.528932511806488,0,2592,1944
img_t-25_p+074_20250929_190255_632_ud.jpg,74.0,-25.0,129.28512573242188,283.1269226074219,11.414794921875,11.68359375,0.3408920168876648,0,2592,1944
img_t-25_p+075_20250929_190256_080_ud.jpg,75.0,-25.0,306.85736083984375,278.3130798339844,75.876953125,63.38531494140625,0.7722257971763611,0,2592,1944
img_t-25_p+075_20250929_190256_080_ud.jpg,75.0,-25.0,294.8727722167969,276.89093017578125,55.26409912109375,62.68115234375,0.12647908926010132,0,2592,1944
img_t-25_p+075_20250929_190256_080_ud.jpg,75.0,-25.0,306.85736083984375,278.3130798339844,75.876953125,63.38531494140625,0.7722257971763611,0,2592,1944
img_t-25_p+075_20250929_190256_080_ud.jpg,75.0,-25.0,294.8727722167969,276.89093017578125,55.26409912109375,62.68115234375,0.12647908926010132,0,2592,1944
img_t-25_p+076_20250929_190256_529_ud.jpg,76.0,-25.0,273.6975402832031,274.3975524902344,78.894775390625,65.171630859375,0.8067323565483093,0,2592,1944
img_t-25_p+076_20250929_190256_529_ud.jpg,76.0,-25.0,273.6975402832031,274.3975524902344,78.894775390625,65.171630859375,0.8067323565483093,0,2592,1944
img_t-25_p+077_20250929_190257_032_ud.jpg,77.0,-25.0,241.16806030273438,271.8689270019531,81.0460205078125,66.57196044921875,0.7844129800796509,0,2592,1944
img_t-25_p+077_20250929_190257_032_ud.jpg,77.0,-25.0,241.16806030273438,271.8689270019531,81.0460205078125,66.57196044921875,0.7844129800796509,0,2592,1944
img_t-25_p+078_20250929_190257_486_ud.jpg,78.0,-25.0,198.2540283203125,267.3720397949219,79.06341552734375,66.80072021484375,0.7964751124382019,0,2592,1944
img_t-25_p+078_20250929_190257_486_ud.jpg,78.0,-25.0,198.2540283203125,267.3720397949219,79.06341552734375,66.80072021484375,0.7964751124382019,0,2592,1944
img_t-25_p+079_20250929_190257_934_ud.jpg,79.0,-25.0,155.27184677124023,264.7786560058594,80.55078887939453,69.34368896484375,0.7956344485282898,0,2592,1944
img_t-25_p+079_20250929_190257_934_ud.jpg,79.0,-25.0,155.27184677124023,264.7786560058594,80.55078887939453,69.34368896484375,0.7956344485282898,0,2592,1944
img_t-25_p+080_20250929_190258_382_ud.jpg,80.0,-25.0,108.28084564208984,257.5390319824219,84.95210266113281,67.50311279296875,0.7848243117332458,0,2592,1944
img_t-25_p+080_20250929_190258_382_ud.jpg,80.0,-25.0,118.83727264404297,262.4906539916992,76.85139465332031,65.13844299316406,0.12584400177001953,0,2592,1944
img_t-25_p+080_20250929_190258_382_ud.jpg,80.0,-25.0,108.28084564208984,257.5390319824219,84.95210266113281,67.50311279296875,0.7848243117332458,0,2592,1944
img_t-25_p+080_20250929_190258_382_ud.jpg,80.0,-25.0,118.83727264404297,262.4906539916992,76.85139465332031,65.13844299316406,0.12584400177001953,0,2592,1944
img_t-25_p+081_20250929_190258_830_ud.jpg,81.0,-25.0,65.39803314208984,254.53082275390625,88.64445495605469,71.69482421875,0.7915822863578796,0,2592,1944
img_t-25_p+081_20250929_190258_830_ud.jpg,81.0,-25.0,51.30596923828125,252.55776977539062,67.10639953613281,70.0745849609375,0.21332603693008423,0,2592,1944
img_t-25_p+081_20250929_190258_830_ud.jpg,81.0,-25.0,78.30191802978516,257.7058639526367,77.03965759277344,67.66029357910156,0.12123224884271622,0,2592,1944
img_t-25_p+081_20250929_190258_830_ud.jpg,81.0,-25.0,65.39803314208984,254.53082275390625,88.64445495605469,71.69482421875,0.7915822863578796,0,2592,1944
img_t-25_p+081_20250929_190258_830_ud.jpg,81.0,-25.0,51.30596923828125,252.55776977539062,67.10639953613281,70.0745849609375,0.21332603693008423,0,2592,1944
img_t-25_p+081_20250929_190258_830_ud.jpg,81.0,-25.0,78.30191802978516,257.7058639526367,77.03965759277344,67.66029357910156,0.12123224884271622,0,2592,1944
img_t-25_p+082_20250929_190259_278_ud.jpg,82.0,-25.0,35.5430908203125,249.50074768066406,71.086181640625,67.44900512695312,0.7976247668266296,0,2592,1944
img_t-25_p+082_20250929_190259_278_ud.jpg,82.0,-25.0,35.5430908203125,249.50074768066406,71.086181640625,67.44900512695312,0.7976247668266296,0,2592,1944
img_t-25_p+083_20250929_190259_726_ud.jpg,83.0,-25.0,11.308429718017578,251.50265502929688,22.616859436035156,64.01129150390625,0.569119393825531,0,2592,1944
img_t-25_p+083_20250929_190259_726_ud.jpg,83.0,-25.0,11.308429718017578,251.50265502929688,22.616859436035156,64.01129150390625,0.569119393825531,0,2592,1944
img_t-25_p+092_20250929_190303_821_ud.jpg,92.0,-25.0,1419.934326171875,424.419921875,25.8662109375,24.824951171875,0.22532156109809875,0,2592,1944
img_t-25_p+092_20250929_190303_821_ud.jpg,92.0,-25.0,1419.934326171875,424.419921875,25.8662109375,24.824951171875,0.22532156109809875,0,2592,1944
img_t-25_p+094_20250929_190304_716_ud.jpg,94.0,-25.0,1379.85791015625,423.95703125,25.93115234375,25.0867919921875,0.16581028699874878,0,2592,1944
img_t-25_p+094_20250929_190304_716_ud.jpg,94.0,-25.0,1379.85791015625,423.95703125,25.93115234375,25.0867919921875,0.16581028699874878,0,2592,1944
img_t-25_p+097_20250929_190306_060_ud.jpg,97.0,-25.0,1315.12744140625,423.62457275390625,26.5439453125,25.68524169921875,0.19488024711608887,0,2592,1944
img_t-25_p+097_20250929_190306_060_ud.jpg,97.0,-25.0,1315.12744140625,423.62457275390625,26.5439453125,25.68524169921875,0.19488024711608887,0,2592,1944
img_t-25_p+099_20250929_190306_955_ud.jpg,99.0,-25.0,1274.531005859375,423.31781005859375,26.67822265625,25.0487060546875,0.42016658186912537,0,2592,1944
img_t-25_p+099_20250929_190306_955_ud.jpg,99.0,-25.0,1274.531005859375,423.31781005859375,26.67822265625,25.0487060546875,0.42016658186912537,0,2592,1944
